{
  "project_info": {
    "project_number": "219556731345",
    "project_id": "ndnotes-c823a",
    "storage_bucket": "ndnotes-c823a.appspot.com"
  },
  "client": [
    {
      "client_info": {
        "mobilesdk_app_id": "1:219556731345:android:060f6b34ef76657190a8f0",
        "android_client_info": {
          "package_name": "com.example.ndnotes"
        }
      },
      "oauth_client": [
        {
          "client_id": "219556731345-f5bspdls54cmv6dlg9ate0makbrrf0a5.apps.googleusercontent.com",
          "client_type": 3
        }
      ],
      "api_key": [
        {
          "current_key": "AIzaSyChSjdEICPLmetfw2nI5W06uyoGs4mpDQM"
        }
      ],
      "services": {
        "appinvite_service": {
          "other_platform_oauth_client": [
            {
              "client_id": "219556731345-f5bspdls54cmv6dlg9ate0makbrrf0a5.apps.googleusercontent.com",
              "client_type": 3
            }
          ]
        }
      }
    }
  ],
  "configuration_version": "1"
}